{
  "disallowImplicitTypeConversion": ["string"],
  "disallowKeywords": ["with"],
  "disallowMultipleLineBreaks": true,
  "disallowMixedSpacesAndTabs": true,
  "disallowTrailingWhitespace": true,
  "requireSpacesInFunctionExpression": {
    "beforeOpeningCurlyBrace": true
  },
  "disallowSpacesInsideArrayBrackets": true,
  "disallowSpacesInsideParentheses": true,
  "validateIndentation": 2,
  "excludeFiles": [
    "./src/utils/emitter.js",
    "./src/utils/appCtrl.js",
    "./src/components/addNetCtrl.js",
    "./src/panels/bayesian-graph/module.js"
  ]
}