{
  "type": "panel",
  "name": "Bayesian Panel",
  "id": "dreamcorp",
  "info": {
    "description": "Panel for administrate a bayesian network and run inference",
    "author": {
      "name": "Davide Ghiotto",
      "url": "https://www.facebook.com/davide.ghiotto.1"
    },
    "keywords": [ ],
    "logos": {
      "small": "logo/logo.png",
      "large": "logo/logo.png"
    },
    "links": [ ],
    "screenshots": [ ],
    "version": "0.0.1",
    "updated": "2019-02-13"
  },
  "dependencies": {
    "grafanaVersion": "4.6.x",
    "plugins": [ ]
  }
}
