{
  "rete": "rete 1",
  "nodi":[
    {
      "id":"battery",
      "stati":["low","medium","high"],
      "soglie":[10,20,30],
      "parents":["passed"]
    },
    {
      "id":"passed",
      "stati":["true","false"],
      "soglie":[20,40],
      "parents":["health"]
    },
    {
      "id":"health",
      "stati":["bad","good"],
      "soglie":[30,60],
      "parents":null
    },
    {
      "id":"piovego",
      "stati":["no good","ok","very good"],
      "soglie":[12,25,33],
      "parents":null
    },
    {
      "id":"node",
      "stati":["this","is","a","test"],
      "soglie":[21,69,80,140],
      "parents":["battery"]
    },
    {
      "id":"random",
      "stati":["How","many","threshold","do","you","want","?"],
      "soglie":[12,20,40,60,90,145,150],
      "parents":["piovego","node"]
    }
  ]
}